City_ID,City,Lat,Lng,Max Temp,Humidity,Cloudiness,Wind Speed,Country,Date
0,makueni boma,-1.8041,37.6203,296.77,45,75,5.79,KE,1696098281
1,zaragoza,41.6561,-0.8773,303.6,32,0,0.45,ES,1696098160
2,alice springs,-23.7,133.8833,289.9,31,22,0.0,AU,1696098281
3,homosassa springs,28.8036,-82.5759,306.06,71,75,3.6,US,1696098281
4,elliot lake,46.3834,-82.6331,294.97,55,48,2.87,CA,1696098281
5,port-aux-francais,-49.35,70.2167,275.37,92,100,9.35,TF,1696098281
6,hadibu,12.65,54.0333,300.34,82,100,0.98,YE,1696098282
7,basco,20.4487,121.9702,301.99,82,100,6.94,PH,1696098282
8,colonia,50.9333,6.95,289.72,76,0,2.06,DE,1696098101
9,georgetown,5.4112,100.3354,300.11,92,20,1.03,MY,1696098282
10,post,33.1909,-101.3782,303.14,40,58,8.3,US,1696098282
11,shache,38.4167,77.2406,291.72,34,100,5.63,CN,1696098282
12,ancud,-41.8697,-73.8203,284.65,72,100,3.08,CL,1696098282
13,vilyuchinsk,52.9306,158.4028,274.3,68,100,0.86,RU,1696098283
14,baoqing,46.3317,132.2111,282.7,90,97,2.67,CN,1696098050
15,adamstown,-25.066,-130.1015,293.68,88,100,11.86,PN,1696098283
16,praia da vitoria,38.7333,-27.0667,296.29,73,20,3.92,PT,1696098283
17,thompson,55.7435,-97.8558,286.24,82,75,3.09,CA,1696098283
18,san julian,21.0167,-102.1667,298.68,31,38,3.05,MX,1696098283
19,grytviken,-54.2811,-36.5092,275.73,90,25,4.74,GS,1696098283
20,ushuaia,-54.8,-68.3,286.96,26,0,2.06,AR,1696098284
21,shihezi,44.3,86.0333,287.75,66,100,4.15,CN,1696098284
22,beipiao,41.7919,120.7792,284.74,34,6,2.07,CN,1696098284
23,bethel,41.3712,-73.414,290.57,86,100,2.06,US,1696098284
24,isafjordur,66.0755,-23.124,280.17,70,75,4.12,IS,1696098284
25,moussoro,13.6408,16.4901,305.65,43,31,4.81,TD,1696098284
26,dickson,36.077,-87.3878,303.69,54,75,2.06,US,1696098284
27,kalmunai,7.4167,81.8167,299.23,84,99,6.75,LK,1696098285
28,waitangi,-43.9535,-176.5597,282.19,56,97,14.42,NZ,1696098285
29,longyearbyen,78.2186,15.6401,270.06,59,75,3.6,SJ,1696098285
30,wailua homesteads,22.0669,-159.378,299.39,86,75,6.17,US,1696098285
31,invercargill,-46.4,168.35,279.27,84,99,2.68,NZ,1696098285
32,the pas,53.8251,-101.2541,286.16,82,100,3.6,CA,1696098285
33,mata-utu,-13.2816,-176.1745,300.2,79,61,8.45,WF,1696098286
34,mount pearl,47.5166,-52.7813,289.67,80,20,5.14,CA,1696098286
35,port mathurin,-19.6833,63.4167,296.24,79,37,11.14,MU,1696098286
36,micheweni,-4.9667,39.8333,298.41,80,8,5.51,TZ,1696098286
37,hermanus,-34.4187,19.2345,287.13,69,8,2.24,ZA,1696098230
38,el granada,37.5027,-122.4694,291.38,86,75,6.69,US,1696098286
39,puerto natales,-51.7236,-72.4875,289.4,36,100,9.77,CL,1696098287
40,hammerfest,70.6634,23.6821,280.4,93,100,3.09,NO,1696098287
41,whitehorse,60.7161,-135.0538,277.49,100,75,2.57,CA,1696098287
42,misratah,32.3754,15.0925,297.85,64,1,6.26,LY,1696098287
43,rockland,41.1668,-74.0496,291.18,89,100,2.51,US,1696098287
44,filingue,14.3521,3.3168,309.86,28,70,5.12,NE,1696098287
45,papatowai,-46.5619,169.4708,280.87,66,97,5.15,NZ,1696098287
46,yellowknife,62.456,-114.3525,280.44,49,75,2.57,CA,1696098288
47,carbonear,47.7332,-53.2148,290.38,79,12,2.18,CA,1696098288
48,olonkinbyen,70.9221,-8.7187,274.28,71,99,5.08,SJ,1696098288
49,kalispell,48.1958,-114.3129,285.46,64,75,7.72,US,1696098288
50,kodiak,57.79,-152.4072,281.88,93,100,9.77,US,1696098288
51,afaahiti,-17.75,-149.2833,299.08,85,41,7.54,PF,1696098288
52,mejit,10.2753,170.8646,299.7,86,100,8.91,MH,1696098288
53,anadyr,64.75,177.4833,271.43,79,20,6.0,RU,1696098031
54,mitu,1.1983,-70.1733,304.97,62,93,0.68,CO,1696098289
55,albany,42.6001,-73.9662,290.87,91,99,0.89,US,1696098289
56,saipan,15.1355,145.701,299.54,89,75,3.6,MP,1696098289
57,vilyuysk,63.7553,121.6247,279.82,83,100,3.58,RU,1696098289
58,olinda,-8.0089,-34.8553,302.0,61,40,6.69,BR,1696098289
59,egilsstadir,65.2653,-14.3948,279.1,87,100,2.57,IS,1696098289
60,jamestown,42.097,-79.2353,297.05,70,100,1.54,US,1696098289
61,port elizabeth,-33.918,25.5701,287.31,78,0,9.26,ZA,1696098039
62,west island,-12.1568,96.8225,298.14,83,75,8.23,CC,1696098290
63,celestun,20.8667,-90.4,304.06,65,100,3.71,MX,1696098290
64,yallahs,17.8748,-76.5624,308.6,64,4,4.49,JM,1696098290
65,vanimo,-2.6741,141.3028,298.65,91,64,2.68,PG,1696098290
66,margate,51.3813,1.3862,290.32,77,77,1.79,GB,1696098290
67,iqaluit,63.7506,-68.5145,275.0,100,100,9.77,CA,1696098290
68,touros,-5.1989,-35.4608,301.86,58,53,8.69,BR,1696098291
69,kapa'a,22.0752,-159.319,300.14,86,75,6.17,US,1696098291
70,le vauclin,14.5452,-60.8388,302.18,89,75,2.06,MQ,1696098291
71,sitka,57.0531,-135.33,283.09,81,100,3.6,US,1696098291
72,ust-nera,64.5667,143.2,269.24,66,25,2.64,RU,1696098291
73,dabou,5.3256,-4.3769,298.83,87,71,3.67,CI,1696098291
74,kangding,30.0513,101.9603,286.84,95,94,1.16,CN,1696098292
75,ribeira grande,38.5167,-28.7,296.37,64,20,4.47,PT,1696098292
76,amga,60.8953,131.9608,270.92,67,75,0.45,RU,1696098292
77,newnham,-41.3833,147.1333,286.68,71,100,4.63,AU,1696098292
78,college,64.8569,-147.8028,276.93,76,40,4.12,US,1696098292
79,kuusamo,65.9667,29.1833,284.17,100,20,0.51,FI,1696098292
80,kloulklubed,7.0419,134.2556,301.38,80,94,6.42,PW,1696098292
81,yeniseysk,58.4497,92.1703,275.9,97,100,4.92,RU,1696098293
82,contamana,-7.3333,-75.0167,307.72,40,100,1.26,PE,1696098293
83,cabedelo,-6.9811,-34.8339,302.52,68,46,7.67,BR,1696098293
84,tolanaro,-25.0319,46.9987,297.19,78,0,7.2,MG,1696098293
85,gwadar,25.1216,62.3254,301.05,54,0,1.94,PK,1696098293
86,enewetak,11.3474,162.3373,301.68,79,95,5.12,MH,1696098293
87,ilulissat,69.2167,-51.1,274.16,64,75,1.54,GL,1696098293
88,bilibino,68.0546,166.4372,266.46,97,100,1.72,RU,1696098293
89,tarinkot,32.6268,65.8733,289.76,21,0,1.22,AF,1696098294
90,chonchi,-42.6128,-73.8092,290.71,57,100,0.7,CL,1696098294
91,ishigaki,24.3448,124.1572,300.22,100,40,4.63,JP,1696098294
92,bikenibeu village,1.3673,173.1241,300.13,89,75,0.0,KI,1696098294
93,olyokminsk,60.3736,120.4264,279.18,68,100,1.84,RU,1696098294
94,edinburgh of the seven seas,-37.0676,-12.3116,283.08,88,96,19.64,SH,1696098294
95,susanville,40.4163,-120.653,284.06,78,100,1.54,US,1696098295
96,galesong,-5.3166,119.3661,296.16,64,33,2.94,ID,1696098295
97,kokpekty,48.75,82.4,284.53,76,99,3.09,KZ,1696098295
98,dhidhdhoo,6.8833,73.1,300.75,77,98,7.41,MV,1696098295
99,ola,59.5833,151.2833,280.05,71,100,2.87,RU,1696098295
100,vila velha,-20.3297,-40.2925,295.12,84,100,2.06,BR,1696098295
101,kuraymah,18.55,31.85,311.67,10,30,4.36,SD,1696098296
102,galliano,29.4422,-90.2992,305.15,58,40,5.66,US,1696098296
103,blackmans bay,-43.0167,147.3167,286.33,68,100,3.38,AU,1696098296
104,ust-tsilma,65.441,52.1498,285.18,90,100,4.05,RU,1696098066
105,tarawa,1.419,172.984,300.2,89,75,0.0,KI,1696098296
106,hithadhoo,-0.6,73.0833,300.38,80,81,6.32,MV,1696098296
107,sao felix do xingu,-6.6447,-51.995,313.43,19,31,0.27,BR,1696098296
108,dikhil,11.5,42.1667,303.87,46,35,2.66,DJ,1696098296
109,san antonio de pale,-1.4014,5.6325,298.26,85,94,7.4,GQ,1696098297
110,cobija,-11.0267,-68.7692,306.25,62,20,1.03,BO,1696098297
111,siyabuswa,-25.1132,29.0445,300.27,19,0,3.37,ZA,1696098297
112,susuman,62.7833,148.1667,269.81,77,43,1.79,RU,1696098297
113,la passe,45.5549,-0.8967,297.28,68,5,2.39,FR,1696098297
114,polyarnyy,69.1989,33.4478,280.68,95,95,3.3,RU,1696098297
115,joao pinheiro,-17.7425,-46.1725,306.57,31,18,2.61,BR,1696098297
116,turuntayevo,52.2,107.6167,277.2,83,65,0.1,RU,1696098298
117,greenville,35.6127,-77.3663,296.24,77,100,2.57,US,1696098298
118,mountain home,43.133,-115.6912,283.86,93,100,5.66,US,1696098298
119,east london,-33.0153,27.9116,287.67,82,40,9.77,ZA,1696098106
120,turtas,58.9417,69.1325,274.02,73,11,1.95,RU,1696098298
121,porto murtinho,-21.6989,-57.8825,303.56,33,97,3.29,BR,1696098298
122,ouahigouya,13.5828,-2.4216,308.73,25,70,2.56,BF,1696098299
123,torghay,49.6339,63.4981,288.4,52,99,2.22,KZ,1696098038
124,avarua,-21.2078,-159.775,298.18,94,75,4.12,CK,1696098299
125,belmonte,-15.8631,-38.8828,298.5,74,67,5.14,BR,1696098299
126,kingston,17.997,-76.7936,308.28,65,20,5.66,JM,1696098299
127,lihue,21.9789,-159.3672,299.73,86,75,6.17,US,1696098299
128,ibshaway,29.358,30.6814,303.39,42,95,8.12,EG,1696098299
129,ati,13.2154,18.3353,298.37,82,70,8.9,TD,1696098299
130,kasempa,-13.4584,25.8338,299.91,34,91,1.96,ZM,1696098300
131,tocopilla,-22.092,-70.1979,294.75,64,59,5.03,CL,1696098300
132,leava,-14.3,-178.1667,299.91,78,84,10.34,WF,1696098300
133,north bend,43.4065,-124.2243,289.91,77,0,7.2,US,1696098300
134,punta arenas,-53.15,-70.9167,284.21,46,0,4.12,CL,1696098008
135,yaren,-0.5472,166.916,301.43,78,93,5.01,NR,1696098300
136,novodvinsk,64.4165,40.8122,286.92,89,93,3.65,RU,1696098301
137,rincon,32.296,-81.2354,301.99,61,75,2.06,US,1696098301
138,liberty,31.8335,-81.5004,301.51,57,0,3.6,US,1696098042
139,road town,18.4167,-64.6167,306.2,74,40,6.69,VG,1696098301
140,pisco,-13.7,-76.2167,293.72,77,52,4.12,PE,1696098301
141,pangody,65.85,74.4859,273.64,75,100,4.44,RU,1696098301
142,christchurch,-43.5333,172.6333,277.82,86,62,1.54,NZ,1696098302
143,luwuk,-0.9516,122.7875,297.19,87,46,2.01,ID,1696098302
144,bhimunipatnam,17.8833,83.4333,300.88,81,100,2.58,IN,1696098302
145,jinka,5.65,36.65,292.41,79,87,1.53,ET,1696098302
146,ciudad lazaro cardenas,17.9583,-102.2,304.55,67,36,3.07,MX,1696098302
147,queenstown,-31.8976,26.8753,285.75,70,79,5.25,ZA,1696098302
148,liberal,37.0431,-100.921,303.73,32,0,7.72,US,1696098302
149,nelson bay,-32.7167,152.15,291.48,84,5,2.24,AU,1696098303
150,rongelap,11.1635,166.8941,301.56,78,92,4.78,MH,1696098303
151,codrington,-38.2667,141.9667,288.34,78,99,8.8,AU,1696098303
152,papao,-17.75,-149.55,299.97,83,20,9.26,PF,1696098303
153,northport,33.229,-87.5772,305.44,44,20,1.54,US,1696098303
154,urengoy,65.9667,78.3667,272.13,77,89,2.48,RU,1696098303
155,aripuana,-9.1667,-60.6333,308.68,39,71,0.63,BR,1696098304
156,carnarvon,-24.8667,113.6333,291.81,75,0,7.44,AU,1696098304
157,port said,31.2565,32.2841,299.89,67,74,3.42,EG,1696098077
158,keetmanshoop,-26.5833,18.1333,298.66,10,0,4.12,NA,1696098304
159,vernon,50.2581,-119.2691,287.38,69,98,2.24,CA,1696098304
160,puerto ayora,-0.7393,-90.3518,301.13,89,99,4.02,EC,1696098305
161,meadow lake,34.8014,-106.5436,301.31,32,6,7.95,US,1696098305
162,kiunga,-6.1219,141.2906,296.13,99,100,1.22,PG,1696098305
163,poshekhon'ye,58.4993,39.1353,289.5,69,100,4.82,RU,1696098305
164,kavieng,-2.5744,150.7967,300.1,77,86,0.51,PG,1696098305
165,sur,22.5667,59.5289,303.35,47,1,1.62,OM,1696098305
166,alupka,44.4167,34.05,292.9,76,81,1.36,UA,1696098306
167,kourou,5.1552,-52.6478,307.18,57,37,4.36,GF,1696098306
168,susice,49.2311,13.5202,289.5,82,87,1.01,CZ,1696098306
169,daira din panah,30.5702,70.9361,298.31,28,0,0.2,PK,1696098306
170,hamilton,39.1834,-84.5333,301.07,59,40,2.57,US,1696098306
171,vredendal,-31.6683,18.5012,286.38,72,47,4.1,ZA,1696098306
172,gao,16.6362,1.637,310.85,16,42,3.75,ML,1696098306
173,aver-o-mar,41.4078,-8.7812,302.17,50,0,2.06,PT,1696098307
174,vorgashor,67.5833,63.95,275.21,92,100,8.3,RU,1696098307
175,stanley,54.868,-1.6985,285.16,93,75,2.57,GB,1696098307
176,noshiro,40.2039,140.0242,292.08,87,79,0.85,JP,1696098307
177,port alfred,-33.5906,26.891,286.58,87,99,2.68,ZA,1696098307
178,cockburn town,21.4612,-71.1419,302.5,79,92,7.98,TC,1696098307
179,naze,28.3667,129.4833,297.66,86,21,2.69,JP,1696098308
180,sola,-13.8833,167.55,297.84,73,95,11.78,VU,1696098308
181,kidal,18.4411,1.4078,308.39,19,33,4.25,ML,1696098308
182,saint-philippe,-21.3585,55.7679,295.92,82,54,5.99,RE,1696098308
183,remire-montjoly,4.9167,-52.2667,307.17,46,0,5.14,GF,1696098308
184,cruzeiro do sul,-29.5128,-51.9853,292.88,81,100,3.55,BR,1696098309
185,nouadhibou,20.931,-17.0347,298.14,65,32,7.72,MR,1696098309
186,mbala,-8.8402,31.3659,297.56,34,72,1.31,ZM,1696098309
187,kapuskasing,49.4169,-82.4331,291.2,77,100,2.57,CA,1696098309
188,kas,36.2018,29.6377,296.2,74,3,5.29,TR,1696098309
189,udachny,66.4167,112.4,275.07,93,100,2.45,RU,1696098309
190,happy valley-goose bay,53.3168,-60.3315,292.32,45,75,5.66,CA,1696098309
191,koz'modem'yansk,56.3367,46.5711,286.19,69,99,3.85,RU,1696098310
192,iskateley,67.6803,53.1512,280.38,90,100,8.49,RU,1696098310
193,quang ngai,15.1167,108.8,298.07,90,24,2.12,VN,1696098310
194,vallenar,-28.5708,-70.7581,296.81,23,0,3.18,CL,1696098310
195,paracuru,-3.41,-39.0306,301.54,59,58,7.66,BR,1696098310
196,gambiran satu,-8.3939,114.1464,293.95,96,94,1.0,ID,1696098310
197,talnakh,69.4865,88.3972,266.6,91,15,1.8,RU,1696098310
198,cooper's town,26.8667,-77.5167,301.52,76,33,0.96,BS,1696098311
199,nova vicosa,-17.8919,-39.3719,297.41,75,98,5.12,BR,1696098311
200,flying fish cove,-10.4217,105.6791,296.97,88,100,3.6,CX,1696098311
201,vicuna,-30.0319,-70.7081,301.91,30,0,3.63,CL,1696098311
202,yreka,41.7354,-122.6345,287.25,76,100,5.14,US,1696098311
203,mahbubabad,17.6167,80.0167,299.05,88,98,0.82,IN,1696098311
204,alpine,32.835,-116.7664,292.01,72,75,4.12,US,1696098311
205,charters towers,-20.1,146.2667,289.71,96,68,3.1,AU,1696098312
206,enshi,30.3,109.4833,293.71,98,100,1.73,CN,1696098312
207,taksimo,56.3444,114.8794,278.7,76,94,0.54,RU,1696098312
208,mount isa,-20.7333,139.5,287.02,51,16,0.0,AU,1696098312
209,ambad,19.6167,75.8,297.82,83,72,2.99,IN,1696098312
210,atafu village,-8.5421,-172.5159,301.81,71,84,4.27,TK,1696098312
211,nagqu,31.5,92.0,277.69,72,100,1.46,CN,1696098312
212,kashmor,28.4333,69.5833,303.89,19,0,2.26,PK,1696098313
213,gadzhiyevo,69.2551,33.3362,280.66,95,96,3.43,RU,1696098313
214,bredasdorp,-34.5322,20.0403,284.53,73,8,2.65,ZA,1696098313
215,marsabit,2.3284,37.9899,298.38,38,16,9.13,KE,1696098313
216,sept-iles,50.2001,-66.3821,289.44,75,75,3.09,CA,1696098313
217,mujiayingzi,42.1167,118.7833,282.37,52,5,2.88,CN,1696098313
218,grants,35.1473,-107.8514,299.28,21,40,7.72,US,1696098313
219,kimbe,-5.5502,150.1429,297.24,90,100,1.39,PG,1696098314
220,salta,-24.7859,-65.4117,294.03,42,75,4.12,AR,1696098314
221,guerrero negro,27.9769,-114.0611,295.12,61,29,6.05,MX,1696098314
222,lebu,-37.6167,-73.65,287.3,71,62,3.97,CL,1696098314
223,jidong,45.2167,131.0833,282.86,90,85,2.05,CN,1696098314
224,banamba,13.55,-7.45,305.74,37,71,4.62,ML,1696098314
225,altai,46.3722,96.2583,276.02,54,18,0.7,MN,1696098315
226,sao vicente,-23.9631,-46.3919,305.25,83,100,5.14,BR,1696098315
227,villa regina,-39.1,-67.0667,293.67,21,0,8.55,AR,1696098315
228,souillac,-20.5167,57.5167,296.36,78,40,5.14,MU,1696098315
229,gobabis,-22.45,18.9667,297.99,10,0,5.16,NA,1696098315
230,san luis,-33.295,-66.3356,295.87,22,0,5.69,AR,1696098316
231,ilheus,-14.7889,-39.0494,299.05,78,20,6.17,BR,1696098316
232,divnoye,45.9089,43.3547,292.24,37,0,3.58,RU,1696098316
233,utrik,11.2278,169.8474,300.24,83,97,4.35,MH,1696098316
234,umm kaddadah,13.6017,26.6876,307.93,30,59,3.56,SD,1696098316
235,dalmatovo,56.26,62.9362,280.62,93,91,2.11,RU,1696098316
236,jiutai,44.1525,125.8328,282.34,73,35,2.13,CN,1696098316
237,qaqortoq,60.7167,-46.0333,276.76,79,80,0.96,GL,1696098316
238,nova sintra,14.8667,-24.7167,297.19,79,41,5.32,CV,1696098317
239,ladario,-19.0047,-57.6017,307.31,43,68,3.6,BR,1696098317
240,nuku'alofa,-21.1333,-175.2,293.34,64,75,2.57,TO,1696098317
241,tazovsky,67.4667,78.7,271.89,75,98,2.28,RU,1696098317
242,castillos,-34.1667,-53.8333,288.41,55,5,3.15,UY,1696098317
243,tamandare,-8.7597,-35.1047,299.93,62,92,4.69,BR,1696098317
244,geraldton,-28.7667,114.6,284.38,93,75,3.09,AU,1696098318
245,crane,31.3974,-102.3501,302.89,38,84,9.6,US,1696098318
246,klaksvik,62.2266,-6.589,281.66,73,97,2.0,FO,1696098318
247,kamareddi,18.3167,78.35,297.23,86,99,0.67,IN,1696098318
248,kone,-21.0595,164.8658,289.96,78,48,2.21,NC,1696098318
249,rolandia,-23.3097,-51.3692,305.1,35,69,2.79,BR,1696098318
250,mahina,-17.5065,-149.489,300.02,74,40,2.06,PF,1696098318
251,aasiaat,68.7098,-52.8699,272.56,84,100,3.8,GL,1696098319
252,katsuura,35.1333,140.3,299.16,84,53,9.87,JP,1696098319
253,nyurba,63.2842,118.3319,281.82,80,100,3.68,RU,1696098319
254,delijan,33.9905,50.6838,294.14,23,4,1.05,IR,1696098319
255,serowe,-22.3833,26.7167,298.83,20,1,1.86,BW,1696098319
256,constantia,44.1833,28.65,292.53,69,1,5.2,RO,1696098071
257,coahuayana de hidalgo,18.7,-103.6583,306.52,59,59,2.52,MX,1696098319
258,orosei,40.3798,9.6929,296.03,74,36,1.29,IT,1696098320
259,bac lieu,9.285,105.7244,298.84,86,90,3.25,VN,1696098320
260,kerikeri,-35.2268,173.9474,279.21,90,6,2.34,NZ,1696098320
261,lagos,6.5833,3.75,302.33,82,50,2.12,NG,1696098178
262,bamboo flat,11.7,92.7167,299.2,94,100,1.03,IN,1696098320
263,tarrafal,15.2833,-23.7667,303.59,79,44,4.75,CV,1696098321
264,keflavik,64.0049,-22.5624,283.39,76,100,10.8,IS,1696098321
265,bethanie,-26.4833,17.15,294.26,12,0,3.9,NA,1696098321
266,beloyarskiy,63.7119,66.6722,275.37,60,100,2.68,RU,1696098321
267,belomorsk,64.5232,34.7668,288.15,88,100,5.49,RU,1696098321
268,roswell,34.0232,-84.3616,302.99,52,75,0.89,US,1696098220
269,kashgar,39.4547,75.9797,288.71,47,20,7.0,CN,1696098321
270,tura,25.5198,90.2201,296.27,93,85,1.47,IN,1696098322
271,hawaiian paradise park,19.5933,-154.9731,297.06,92,100,2.57,US,1696098322
272,guijuelo,40.5576,-5.6707,298.73,31,23,1.61,ES,1696098322
273,nyala,12.05,24.8833,298.54,71,95,5.48,SD,1696098076
274,karratha,-20.7377,116.8463,301.42,25,23,6.03,AU,1696098322
275,taguatinga,-12.3857,-46.5711,313.87,14,76,1.98,BR,1696098322
276,dakhla,23.6848,-15.958,298.16,73,51,8.23,EH,1696098322
277,sisimiut,66.9395,-53.6735,275.26,66,63,1.87,GL,1696098322
278,illizi,26.4833,8.4667,308.04,25,5,8.83,DZ,1696098323
279,margaret river,-33.95,115.0667,287.86,73,89,6.45,AU,1696098323
280,uturoa,-16.7333,-151.4333,299.13,80,22,8.71,PF,1696098323
281,bom jesus,-9.0744,-44.3586,313.69,16,62,2.57,BR,1696098323
282,fale old settlement,-9.3852,-171.2468,301.46,72,93,2.23,TK,1696098323
283,sumter,28.7086,-82.0831,304.31,76,52,4.13,US,1696098323
284,petropavlovsk-kamchatsky,53.0452,158.6483,278.4,80,75,1.0,RU,1696098211
285,tiksi,71.6872,128.8694,271.14,90,100,5.15,RU,1696098324
286,khandyga,62.6667,135.6,271.51,62,22,0.71,RU,1696098324
287,fandriana,-20.2333,47.3833,288.47,93,23,1.25,MG,1696098324
288,dunedin,-45.8742,170.5036,280.26,79,100,0.45,NZ,1696098324
289,pizarro,4.9533,-77.366,302.34,71,95,3.36,CO,1696098324
290,mournies,35.4764,24.0092,295.83,83,75,2.57,GR,1696098324
291,gargalianoi,37.0667,21.6333,292.24,65,69,1.01,GR,1696098324
292,lata,40.1629,-8.3327,298.78,44,6,1.44,PT,1696098325
293,bengkulu,-3.8004,102.2655,295.61,94,22,2.52,ID,1696098123
294,badger,64.8,-147.5333,276.88,73,0,4.12,US,1696098325
295,grand falls-windsor,48.9332,-55.6649,293.99,53,4,1.82,CA,1696098106
296,warmbad,-28.45,18.7333,293.21,44,0,6.0,NA,1696098325
297,howrah,22.5892,88.3103,300.15,94,75,5.14,IN,1696098325
298,prince george,53.9166,-122.753,278.84,100,100,0.0,CA,1696098326
299,sao gabriel da cachoeira,-0.1303,-67.0892,301.04,83,40,2.57,BR,1696098326
300,porto novo,6.4965,2.6036,301.05,81,19,2.74,BJ,1696098326
301,contai,21.7786,87.7536,298.53,91,100,4.99,IN,1696098326
302,batticaloa,7.7102,81.6924,299.22,84,92,4.62,LK,1696098326
303,riohacha,11.5444,-72.9072,305.51,62,99,6.5,CO,1696098326
304,pascagoula,30.3658,-88.5561,306.16,47,0,4.63,US,1696098327
305,shubarshi,48.5872,57.1869,288.38,51,87,0.87,KZ,1696098327
306,cabo san lucas,22.8909,-109.9124,309.76,52,0,4.63,MX,1696098327
307,pundong,-7.9522,110.3486,296.02,95,89,0.6,ID,1696098327
308,hinton,53.4001,-117.5857,280.74,76,97,2.11,CA,1696098327
309,oltinko'l,40.8011,72.1634,292.08,30,6,2.26,UZ,1696098328
310,ca mau,9.1769,105.15,298.56,89,92,1.88,VN,1696098328
311,aykhal,66.0,111.5,275.41,99,100,0.89,RU,1696098328
312,pandan,14.0453,124.1694,300.51,86,100,3.6,PH,1696098328
313,yarkovo,57.4028,67.0786,279.29,78,100,1.46,RU,1696098328
314,fisterra,42.9049,-9.2629,299.27,82,6,1.31,ES,1696098328
315,kirakira,-10.4544,161.9205,298.21,83,53,5.5,SB,1696098328
316,konarka,19.9,86.1167,298.37,80,100,4.9,IN,1696098329
317,blankenberge,51.3131,3.1323,289.47,61,82,0.59,BE,1696098121
318,kargasok,59.0556,80.8572,273.69,74,12,2.68,RU,1696098329
319,lamu,-2.2717,40.902,298.27,84,8,6.23,KE,1696098329
320,takestan,36.0696,49.6959,291.73,37,26,2.78,IR,1696098329
321,diego de almagro,-26.3667,-70.05,301.6,9,0,3.75,CL,1696098329
322,camana,-16.6228,-72.7111,293.6,75,45,3.38,PE,1696098329
323,west end,26.6833,-78.9667,300.14,78,77,0.84,BS,1696098329
324,germencik,37.8706,27.6028,293.96,66,19,1.69,TR,1696098330
325,uzundere,40.5301,41.5584,289.88,71,95,0.47,TR,1696098330
326,pekanbaru,0.5333,101.45,299.33,100,20,0.0,ID,1696098330
327,issia,6.4922,-6.5856,298.15,94,86,0.97,CI,1696098330
328,alberton,46.8168,-64.0654,292.22,66,0,0.57,CA,1696098330
329,st. john's,47.5649,-52.7093,290.13,80,20,5.14,CA,1696098330
330,al kharijah,25.4514,30.5464,307.62,18,24,8.45,EG,1696098330
331,severobaykal'sk,55.65,109.3167,279.96,84,80,1.84,RU,1696098331
332,justo daract,-33.8594,-65.1828,297.66,19,10,2.24,AR,1696098158
333,peniche,39.3558,-9.3811,300.97,67,6,3.16,PT,1696098331
334,ofunato,39.0717,141.7167,292.48,92,99,2.69,JP,1696098331
335,kosh-agach,50.0,88.6667,276.1,72,87,0.89,RU,1696098331
336,chibougamau,49.9168,-74.3659,294.23,41,85,4.55,CA,1696098331
337,north ward,-19.2454,146.8075,295.1,78,100,2.57,AU,1696098331
338,rikaze,29.25,88.8833,286.32,49,100,2.4,CN,1696098332
339,vryburg,-26.9566,24.7284,293.68,9,1,5.25,ZA,1696098332
340,kalengwa,-13.4659,25.0027,297.81,36,79,2.63,ZM,1696098332
341,brisas de zicatela,15.8369,-97.0419,305.44,55,75,3.09,MX,1696098332
342,toliara,-23.35,43.6667,297.1,79,0,3.03,MG,1696098332
343,port moresby,-9.4431,147.1797,297.83,83,75,5.14,PG,1696098332
344,onega,63.9061,38.1404,287.06,91,98,5.11,RU,1696098332
345,kirensk,57.7853,108.1119,278.72,96,92,1.79,RU,1696098333
346,black point,-34.6187,137.8972,287.17,82,61,6.85,AU,1696098333
347,togur,58.3631,82.8265,274.34,76,46,3.13,RU,1696098333
348,joao neiva,-19.7575,-40.3856,295.18,81,100,1.79,BR,1696098333
349,walvis bay,-22.9575,14.5053,286.68,88,20,3.6,NA,1696098333
350,zhongshu,24.5167,103.7667,289.37,97,18,0.58,CN,1696098333
351,howard springs,-12.497,131.047,300.1,84,41,0.38,AU,1696098334
352,as sulayyil,20.4607,45.5779,305.29,12,0,3.88,SA,1696098334
353,villa dolores,-31.9459,-65.1896,297.24,23,18,2.72,AR,1696098334
354,colonia menno,-22.3667,-59.8167,304.92,22,90,2.63,PY,1696098334
355,weno,7.4515,151.8468,301.12,89,100,1.54,FM,1696098334
356,kiri buru,22.0833,85.35,296.04,96,100,1.43,IN,1696098334
357,thinadhoo,0.5333,72.9333,301.03,79,91,6.24,MV,1696098334
358,tarauaca,-8.1614,-70.7656,311.27,33,100,1.16,BR,1696098335
359,cihanbeyli,38.6607,32.9244,292.4,56,61,4.69,TR,1696098335
360,long beach,33.767,-118.1892,295.46,74,75,4.12,US,1696098335
361,qamdo,31.1667,97.2333,277.92,60,50,1.75,CN,1696098335
362,aldama,22.9167,-98.0667,307.31,44,11,1.88,MX,1696098335
363,klyuchi,52.2667,79.1667,282.78,72,100,2.9,RU,1696098335
364,ringkobing,56.0901,8.244,287.05,70,100,7.52,DK,1696098336
365,alofi,-19.0595,-169.9187,296.09,94,88,4.63,NU,1696098336
366,yanta,36.2411,115.6672,288.47,48,0,1.85,CN,1696098336
367,port blair,11.6667,92.75,299.17,94,100,1.03,IN,1696098336
368,aliveri,38.4167,24.0333,297.14,39,73,3.48,GR,1696098336
369,saint-pierre,-21.3393,55.4781,295.97,83,0,2.57,RE,1696098336
370,lompoc,34.6391,-120.4579,293.71,65,75,4.63,US,1696098336
371,huarmey,-10.0681,-78.1522,295.07,77,89,4.56,PE,1696098337
372,merizo village,13.2658,144.6691,300.46,96,94,2.18,GU,1696098337
373,hazorasp,41.3194,61.0742,286.06,35,42,1.76,UZ,1696098337
374,namibe,-15.1961,12.1522,291.85,84,65,4.69,AO,1696098337
375,birao,10.2849,22.7882,296.03,94,96,1.69,CF,1696098337
376,xuanzhou,30.9525,118.7553,293.48,88,79,2.19,CN,1696098337
377,kaa-khem,51.6833,94.7333,282.3,54,90,1.91,RU,1696098338
378,meadow lakes,61.6247,-149.6011,280.84,64,0,4.63,US,1696098338
379,acajutla,13.5928,-89.8275,303.62,71,89,2.63,SV,1696098338
380,ambositra,-20.5167,47.25,289.12,93,58,1.48,MG,1696098338
381,ta`u,-14.2336,-169.5144,300.14,79,24,4.8,AS,1696098338
382,bridgewater,44.3835,-64.5155,290.75,84,100,3.09,CA,1696098338
383,ust'-ilimsk,58.0006,102.6619,277.11,94,81,2.65,RU,1696098338
384,mchinji,-13.7984,32.8802,297.66,34,57,3.5,MW,1696098339
385,ushtobe,45.2514,77.9838,287.74,45,92,1.3,KZ,1696098339
386,syumsi,57.1111,51.6149,282.6,78,81,2.01,RU,1696098339
387,mangaratiba,-22.9597,-44.0406,301.63,82,56,4.6,BR,1696098339
388,san fernando del valle de catamarca,-28.4696,-65.7852,298.02,31,0,4.02,AR,1696098339
389,balykshi,47.0667,51.8667,289.15,51,0,3.0,KZ,1696098339
390,ndele,8.4109,20.6473,294.57,97,88,0.88,CF,1696098339
391,bandon,51.7469,-8.7425,289.92,95,100,7.05,IE,1696098339
392,aljezur,37.3191,-8.8033,297.79,54,34,4.37,PT,1696098340
393,rio grande,-32.035,-52.0986,290.21,72,100,5.64,BR,1696098126
394,yanchep,-31.55,115.6833,287.01,85,56,2.18,AU,1696098340
395,malone,44.8487,-74.2949,294.2,50,2,2.59,US,1696098340
396,mangalia,43.8,28.5833,293.28,73,2,5.17,RO,1696098340
397,lospalos,-8.5186,127.0025,293.61,94,87,1.26,TL,1696098340
398,patrocinio,-18.9439,-46.9925,305.38,31,44,3.95,BR,1696098341
399,bathsheba,13.2167,-59.5167,305.49,79,40,8.23,BB,1696098341
400,north haven,41.3909,-72.8595,290.44,87,100,3.13,US,1696098341
401,mouila,-1.8685,11.0559,297.5,93,50,1.59,GA,1696098341
402,priladozhskiy,59.85,31.4833,288.58,91,98,4.04,RU,1696098341
403,likasi,-10.9814,26.7333,301.74,28,63,2.75,CD,1696098342
404,chimoio,-19.1164,33.4833,301.07,54,0,2.72,MZ,1696098342
405,san rafael,-34.6177,-68.3301,292.74,20,0,3.28,AR,1696098342
406,tralee,52.2704,-9.7026,289.11,92,100,5.24,IE,1696098342
407,vytegra,61.0064,36.4481,289.46,71,100,4.92,RU,1696098342
408,rouached,36.4577,6.0427,292.65,56,2,2.62,DZ,1696098342
409,taroa,8.7058,171.2275,300.96,72,99,1.55,MH,1696098342
410,palma sola,-23.9634,-64.2987,298.04,23,42,3.01,AR,1696098343
411,saint-francois,46.4154,3.9054,290.84,77,0,1.54,FR,1696098343
412,inyonga,-6.7167,32.0667,300.04,26,12,0.54,TZ,1696098343
413,llanes,43.4198,-4.7549,296.53,75,24,2.9,ES,1696098343
414,munirabad,15.3333,76.3333,296.97,83,89,7.31,IN,1696098343
415,paradise point,-27.8863,153.3957,291.17,90,1,3.68,AU,1696098344
416,dudinka,69.4058,86.1778,266.83,91,9,5.36,RU,1696098344
417,boa vista,2.8197,-60.6733,309.14,36,40,3.09,BR,1696098344
418,laojunmiao,39.8333,97.7333,283.87,25,100,4.23,CN,1696098344
419,holualoa,19.6228,-155.9522,299.69,75,20,0.0,US,1696098212
420,ugoofaaru,5.6667,73.0,300.95,78,100,5.66,MV,1696098344
421,sake,-1.5736,29.045,291.49,84,69,0.13,CD,1696098344
422,xining,36.6167,101.7667,284.63,81,88,0.77,CN,1696098345
423,east ballina,-28.8667,153.5833,290.34,79,0,6.02,AU,1696098345
424,labrador city,52.9463,-66.9114,292.1,39,75,5.66,CA,1696098345
425,jibia,13.0978,7.2225,302.97,53,54,1.1,NG,1696098345
426,mudhol,16.35,75.2833,296.78,85,89,5.57,IN,1696098345
427,nogliki,51.8333,143.1667,280.89,89,26,1.06,RU,1696098345
428,petawawa,45.9001,-77.3328,295.25,58,53,1.31,CA,1696098345
429,cape canaveral,28.4058,-80.6048,303.19,86,20,4.63,US,1696098346
430,moss point,30.4116,-88.5345,306.18,47,0,4.63,US,1696098346
431,sampit,-2.5333,112.95,297.08,84,100,0.69,ID,1696098346
432,magadan,59.5667,150.8,279.72,64,100,3.13,RU,1696098266
433,sabha,27.0377,14.4283,303.96,25,89,4.73,LY,1696098346
434,paita,-5.0892,-81.1144,297.19,70,63,6.59,PE,1696098346
435,trinidad,-14.8333,-64.9,309.65,32,100,1.49,BO,1696098347
436,salekhard,66.53,66.6019,274.82,66,100,5.16,RU,1696098347
437,beni,0.5,29.4667,292.56,88,80,0.15,CD,1696098347
438,vila franca do campo,37.7167,-25.4333,295.31,99,100,2.99,PT,1696098347
439,kendari,-3.945,122.4989,294.65,90,46,1.61,ID,1696098347
440,anton lizardo,19.05,-95.9833,305.27,71,83,2.2,MX,1696098347
441,port douglas,-16.4833,145.4667,295.41,82,54,5.38,AU,1696098348
442,calabozo,8.9242,-67.4293,309.13,45,51,1.69,VE,1696098348
443,hovd,48.0056,91.6419,280.6,58,91,1.79,MN,1696098348
444,lhokseumawe,5.1801,97.1507,298.88,89,19,1.08,ID,1696098348
445,palangkaraya,-2.2,113.8333,298.03,75,97,0.9,ID,1696098220
446,shwebo,22.5667,95.7,297.6,94,97,3.03,MM,1696098348
447,kristiansund,63.1115,7.732,285.51,87,100,6.69,NO,1696098349
448,hue,16.4667,107.6,300.21,94,40,1.54,VN,1696098349
449,taulaga,-11.0553,-171.0883,300.8,79,32,5.13,AS,1696098349
450,conceicao do araguaia,-8.2578,-49.2647,310.16,28,46,3.12,BR,1696098349
451,mount gambier,-37.8333,140.7667,286.99,85,93,6.25,AU,1696098350
452,bhind,26.5642,78.7883,301.0,50,4,1.28,IN,1696098350
453,smidovich,48.6,133.8167,281.66,91,100,3.27,RU,1696098350
454,ebon,4.582,168.6964,301.89,73,96,5.35,MH,1696098350
455,lazaro cardenas,17.9583,-102.2,304.55,67,36,3.07,MX,1696098350
456,charcas,23.1333,-101.1167,296.02,42,22,3.28,MX,1696098350
457,meulaboh,4.1363,96.1285,299.2,88,91,1.35,ID,1696098350
458,kotlas,61.2611,46.6556,286.51,81,100,4.47,RU,1696098351
459,taoudenni,22.6783,-3.9836,309.2,14,15,4.3,ML,1696098351
460,lupane,-18.9315,27.807,300.36,30,87,2.88,ZW,1696098351
461,luba,3.4568,8.5547,299.74,87,83,3.82,GQ,1696098351
462,la'ie,21.6477,-157.9253,301.13,78,84,4.92,US,1696098351
463,greeley,40.4233,-104.7091,299.46,39,0,1.54,US,1696098148
464,sibu,2.3,111.8167,298.32,100,40,0.0,MY,1696098352
465,antofagasta,-23.65,-70.4,291.75,64,23,4.05,CL,1696098352
466,paradip garh,20.3167,86.6167,300.74,84,100,5.19,IN,1696098352
467,conception bay south,47.4999,-52.9981,290.0,80,40,0.91,CA,1696098352
468,lorengau,-2.0226,147.2712,299.99,83,100,1.85,PG,1696098352
469,pariaman,-0.619,100.12,299.18,88,65,1.91,ID,1696098352
470,buka,40.8108,69.1986,290.8,28,8,1.24,UZ,1696098353
471,patong,7.8961,98.2966,304.27,71,39,3.84,TH,1696098353
472,mayqayyng,51.4625,75.7986,284.56,67,100,0.85,KZ,1696098353
473,fort bragg,35.139,-79.006,297.49,71,100,3.6,US,1696098353
474,tucuma,-0.1833,-50.05,306.81,47,65,4.66,BR,1696098353
475,washington,47.5001,-120.5015,287.7,54,0,1.27,US,1696098353
476,sidi ifni,29.3797,-10.173,310.01,48,15,3.3,MA,1696098353
477,tazacorte,28.629,-17.9293,298.79,79,75,3.09,ES,1696098353
478,minas de marcona,-15.2119,-75.1103,293.19,61,53,3.71,PE,1696098354
479,dampit,-8.2116,112.7493,292.32,92,93,2.0,ID,1696098354
480,jayapura,-2.5333,140.7,296.81,92,81,2.59,ID,1696098354
481,amuntai,-2.4177,115.2494,297.99,64,98,0.03,ID,1696098354
482,san rafael del yuma,18.4299,-68.6739,306.26,64,64,5.65,DO,1696098354
483,ohara,35.25,140.3833,299.0,84,56,9.25,JP,1696098354
484,chos malal,-37.3781,-70.2709,291.44,24,1,0.8,AR,1696098354
485,yeppoon,-23.1333,150.7333,290.03,66,50,4.57,AU,1696098355
486,smithers,54.7804,-127.1743,280.33,87,40,0.0,CA,1696098355
487,labytnangi,66.6572,66.4183,274.49,73,100,4.79,RU,1696098355
488,sierra grande,-41.606,-65.3557,291.41,19,0,8.89,AR,1696098355
489,kayyerkan,69.3786,87.7439,266.65,100,57,7.04,RU,1696098355
490,porteirinha,-15.7433,-43.0283,308.44,28,9,3.95,BR,1696098355
491,huron,41.1501,-82.5499,298.1,68,4,3.43,US,1696098355
492,bemidji,47.4736,-94.8803,295.31,95,100,3.09,US,1696098355
493,inhambane,-23.865,35.3833,298.14,88,40,10.29,MZ,1696098356
494,selfoss,63.9331,-20.9971,282.06,81,100,6.22,IS,1696098356
495,hit,33.6416,42.8251,302.01,26,4,2.45,IQ,1696098249
496,haiku-pauwela,20.9219,-156.3051,300.47,65,20,5.66,US,1696098331
497,bokoro,12.3807,17.0568,304.13,52,62,1.89,TD,1696098356
498,banikoara,11.2985,2.4386,300.66,68,41,2.15,BJ,1696098356
499,baruun-urt,46.6806,113.2792,279.1,56,20,2.69,MN,1696098357
500,juankoski,63.0667,28.35,285.51,95,54,4.05,FI,1696098357
501,suwayr,30.1171,40.3893,303.67,17,4,0.98,SA,1696098357
502,dryden,49.7833,-92.7503,291.31,63,0,4.12,CA,1696098357
503,usinsk,65.9939,57.5281,281.7,92,100,9.39,RU,1696098357
504,emerald,-23.5333,148.1667,287.23,79,0,2.97,AU,1696098357
505,phan thiet,10.9333,108.1,298.81,87,58,1.59,VN,1696098134
506,nar'yan-mar,67.6713,53.087,280.43,90,100,8.49,RU,1696098357
507,keren,15.7778,38.4581,297.92,29,2,2.31,ER,1696098358
508,menaka,15.9182,2.4022,312.58,14,35,4.81,ML,1696098358
509,fort st. john,56.2499,-120.8529,278.09,100,0,4.63,CA,1696098358
510,mae hong son,19.3003,97.9685,295.78,99,99,0.4,TH,1696098358
511,portland,45.5234,-122.6762,290.2,74,20,3.09,US,1696098217
512,ierapetra,35.01,25.7353,297.67,53,37,3.13,GR,1696098358
513,subotica,46.1,19.6667,293.78,59,97,3.73,RS,1696098237
514,nemuro,43.3236,145.575,289.77,82,100,9.03,JP,1696098358
515,thayetmyo,19.3167,95.1833,297.02,97,86,3.15,MM,1696098359
516,nurota,40.5614,65.6886,288.87,35,16,0.63,UZ,1696098359
517,owando,-0.4819,15.8999,298.71,79,100,0.77,CG,1696098359
518,frontera,26.9333,-101.45,303.65,49,31,1.79,MX,1696098359
519,hotan,37.0997,79.9269,291.33,27,22,3.44,CN,1696098359
520,caleta de carquin,-11.0925,-77.6267,294.59,76,99,4.95,PE,1696098359
521,port-vila,-17.7338,168.3219,292.93,77,75,2.06,VU,1696098360
522,tabuk,17.4189,121.4443,297.83,93,88,0.99,PH,1696098360
523,pavlovskaya,46.1328,39.7856,293.86,35,26,5.05,RU,1696098360
524,lauro de freitas,-12.8944,-38.3272,300.16,74,75,3.6,BR,1696098267
525,darhan,49.4867,105.9228,280.09,66,9,2.05,MN,1696098360
526,port lincoln,-34.7333,135.8667,286.23,78,22,6.89,AU,1696098360
527,saudarkrokur,65.7461,-19.6394,279.3,74,90,1.28,IS,1696098360
528,kangaba,11.9333,-8.4167,301.76,71,39,1.63,ML,1696098361
529,siem reap,13.5,104.0,301.01,90,100,1.26,KH,1696098361
530,la sarre,48.8002,-79.1996,294.01,61,54,5.02,CA,1696098361
531,gurupi,-11.7292,-49.0686,312.23,21,56,1.34,BR,1696098361
532,vanino,49.0869,140.2543,286.44,92,100,2.05,RU,1696098361
533,alpinopolis,-20.8636,-46.3881,305.37,35,52,0.97,BR,1696098362
534,dzilam gonzalez,21.2833,-88.9333,305.55,55,99,0.86,MX,1696098362
535,nishinoomote,30.7333,131.0,299.64,74,0,6.55,JP,1696098362
536,seka,17.9285,103.9552,297.45,94,99,0.54,TH,1696098362
537,eyl,7.9803,49.8164,299.58,80,52,9.62,SO,1696098362
538,sona,45.4388,10.8255,296.07,68,0,0.51,IT,1696098362
539,motueka,-41.1333,173.0167,280.43,81,25,2.29,NZ,1696098363
540,rantoul,40.3084,-88.1559,302.03,41,0,3.6,US,1696098363
541,gisborne,-38.6533,178.0042,279.33,59,3,3.02,NZ,1696098363
542,bogatoye,53.0601,51.3325,286.69,66,75,2.23,RU,1696098363
543,acapulco de juarez,16.8634,-99.8901,306.05,62,75,3.6,MX,1696098363
544,enzan,35.7,138.7333,294.76,84,88,1.68,JP,1696098363
545,rosarito,32.3333,-117.0333,294.66,74,88,3.24,MX,1696098364
546,shiqian,27.5225,108.2281,295.86,95,80,1.37,CN,1696098364
547,ambon,-3.6954,128.1814,300.3,95,40,1.54,ID,1696098215
548,suva,-18.1416,178.4415,294.86,73,75,1.54,FJ,1696098364
549,panama city beach,30.1766,-85.8055,303.7,59,0,4.63,US,1696098364
550,cidreira,-30.1811,-50.2056,290.08,87,89,5.97,BR,1696098364
551,iola,37.9245,-95.4,304.54,40,0,6.17,US,1696098364
552,urangan,-25.3,152.9,292.76,69,2,3.45,AU,1696098365
553,port antonio,18.18,-76.4612,308.7,66,10,3.2,JM,1696098365
554,druskininkai,54.0167,23.9667,284.94,84,59,2.44,LT,1696098365
555,ghadamis,30.1337,9.5007,302.5,29,0,5.47,LY,1696098365
556,ketchikan,55.3422,-131.6461,283.14,87,20,0.0,US,1696098365
557,pyshma,56.9523,63.2513,280.14,90,100,1.32,RU,1696098365
558,tarnogskiy gorodok,60.4997,43.5761,287.27,84,100,4.15,RU,1696098366
559,zouerate,22.7187,-12.4521,309.21,11,79,7.21,MR,1696098366
560,aguadilla,18.4275,-67.1541,306.74,76,75,8.23,PR,1696098366
561,saint-joseph,-21.3667,55.6167,295.36,82,30,4.25,RE,1696098366
562,puerto madryn,-42.7692,-65.0385,289.94,32,0,11.51,AR,1696098366
563,valognes,49.5088,-1.4705,290.81,72,100,3.09,FR,1696098366
564,mazagao,-0.115,-51.2894,307.18,30,54,2.37,BR,1696098367
565,burang,30.25,81.1667,277.74,80,40,2.02,CN,1696098367
566,jombang,-7.546,112.2331,295.27,86,79,3.46,ID,1696098367
567,anna regina,7.2644,-58.5077,304.41,62,60,4.43,GY,1696098367
568,baracoa,20.3467,-74.4958,304.86,66,41,3.33,CU,1696098367
569,puerto leguizamo,-0.1934,-74.7819,309.56,39,97,0.97,CO,1696098368
570,kuala terengganu,5.3302,103.1408,300.12,89,20,0.0,MY,1696098368
571,augsburg,48.3667,10.8833,288.33,87,0,1.54,DE,1696098368
572,kolonia,50.9333,6.95,289.72,76,0,2.06,DE,1696098101
573,arkhangel'sk,64.5401,40.5433,287.11,89,96,3.73,RU,1696098231
574,lodeynoye pole,60.726,33.5531,287.76,90,96,4.87,RU,1696098368
575,aleg,17.0481,-13.9209,312.92,19,94,1.79,MR,1696098368
576,tanout,14.9709,8.8879,306.44,33,69,5.07,NE,1696098368
577,sukabumi,-6.9181,106.9267,293.41,89,71,0.84,ID,1696098223
